Month,Avg_Risk_Score,Total_Txns,High_Risk_Flags,Flag_Rate_Pct
2024-01,29.165715730301574,284807,1914,0.672034044107062
