risk_segment,MonthlyIncome,debt_to_income_ratio,age,LoanAmount,Count
High Risk (Delinquent),5579.87107913669,258.31472178898963,45.913525179856116,70303.26618705037,6950
Low Risk (Prime),10697.999744114637,0.14907296123294095,54.52567383145684,134721.35789832822,23448
Medium Risk,5402.347139655004,0.3035231710182243,51.10254848455316,67521.19189162849,41044
Medium Risk (High DTI/Late),4870.964840237396,942.9360709623004,53.70151669564175,60912.48426353336,33362
